symbol,as_of_date,current_price,high_52w,low_52w,52w_return_pct,dist_from_high_52w_pct,error
AAPL,2026-10-03,333.69,345.34,243.42,29.3091,3.37,
ABBV,2026-10-03,262.82,269.39,190.75,6.363,2.44,
AIG,2026-10-03,74.93,87.29,71.25,-5.2863,14.16,
AMZN,2026-10-03,251.52,287.2,196.0,12.5096,12.42,
AXP,2026-10-03,302.78,387.49,290.97,-8.0564,21.86,
BAC,2026-10-03,53.75,65.225,46.12,6.0182,17.59,
COF,2026-10-03,194.72,259.64,174.24,-8.9001,25.0,
COP,2026-10-03,126.75,141.62,85.57,33.1029,10.5,
COST,2026-10-03,920.65,1096.5,844.06,-0.2616,16.04,
ESGU,2026-10-03,168.46,170.8499,136.82,14.4793,1.4,
ESGV,2026-10-03,136.75,138.03,108.18,14.0587,0.93,
F,2026-10-03,12.1,17.78,11.11,0.0,31.95,
FITLX,2026-10-03,,,,,,finnhub_unsupported
GE,2026-10-03,309.56,388.84,268.91,3.8254,20.39,
GM,2026-10-03,78.27,91.85,54.33,29.2957,14.78,
GOOG,2026-10-03,340.35,408.61,235.84,38.1135,16.71,
GOOGL,2026-10-03,343.5,408.61,235.84,38.1135,15.93,
GOVT,2026-10-03,21.81,23.39,21.7301,-5.4113,6.76,
IEMG,2026-10-03,82.36,86.49,64.07,22.2456,4.78,
JPM,2026-10-03,332.38,366.5,279.1,7.2318,9.31,
LLY,2026-10-03,1142.85,1292.65,763.3,39.3048,11.59,
MCD,2026-10-03,231.89,341.75,229.61,-22.857,32.15,
MET,2026-10-03,94.43,100.93,67.33,15.1593,6.44,
MSFT,2026-10-03,517.53,553.72,349.2,-1.3296,6.54,
NFLX,2026-10-03,67.06,124.86,65.08,-42.0531,46.29,
NVDA,2026-10-03,233.95,236.54,164.27,23.2963,1.09,
ORCL,2026-10-03,142.3,322.54,114.5,-52.2266,55.88,
Q,2026-10-03,131.48,177.2799,70.5,,25.83,
RTX,2026-10-03,184.68,226.88,155.64,10.6519,18.6,
SCHD,2026-10-03,32.72,35.31,26.32,18.6342,7.34,
SCHF,2026-10-03,27.58,28.685,22.96,16.1057,3.85,
SLB,2026-10-03,48.74,60.46,31.64,38.672,19.38,
SPG,2026-10-03,200.95,238.5,172.19,8.1019,15.74,
TJX,2026-10-03,132.68,170.0,122.78,-7.4349,21.95,
UNH,2026-10-03,371.9,461.62,255.97,4.8521,19.44,
UNP,2026-10-03,278.28,315.99,215.53,16.0518,11.93,
V,2026-10-03,360.66,385.5699,293.89,3.4557,6.46,
VEA,2026-10-03,71.13,74.0351,58.88,16.2995,3.92,
VIG,2026-10-03,235.05,247.45,210.01,7.6622,5.01,
VOO,2026-10-03,707.54,716.39,578.46,14.2832,1.24,
VTEB,2026-10-03,47.25,51.18,46.89,-5.041,7.68,
VV,2026-10-03,355.0,359.22,289.105,14.0338,1.17,
VWO,2026-10-03,59.56,61.535,52.2,8.2722,3.21,
VXF,2026-10-03,235.35,250.75,195.9,10.9995,6.14,
WMT,2026-10-03,104.26,135.16,98.88,2.2558,22.86,
XOM,2026-10-03,164.01,176.41,110.39,46.2809,7.03,
